{
  "n": 0.0529542628850880,
  "l0": 91.9313009259259000
}
