{
  "f": [ -0.04, -0.07, -0.11, -0.14, -0.18, -0.21, -0.25, -0.29, -0.32, -0.36, -0.39, -0.43, -0.46, -0.50, -0.54, -0.57, -0.61, -0.64, -0.68, -0.71, -0.75, -0.78, -0.82, -0.85, -0.88, -0.92, -0.95, -0.98, -1.02, -1.05, -1.08, -1.11, -1.14, -1.17, -1.20, -1.23, -1.26, -1.29, -1.32, -1.35, -1.37, -1.40, -1.43, -1.46, -1.49, -1.51, -1.54, -1.57, -1.59, -1.62, -1.64, -1.67, -1.69, -1.72, -1.74, -1.76, -1.78, -1.80, -1.82, -1.85, -1.86, -1.88, -1.90, -1.92, -1.94, -1.95, -1.97, -1.98, -1.99, -2.01, -2.02, -2.03, -2.05, -2.06, -2.07, -2.08, -2.09, -2.10, -2.10, -2.11, -2.12, -2.13, -2.13, -2.14, -2.15, -2.15, -2.15, -2.16, -2.16, -2.17, -2.17, -2.17, -2.17, -2.17, -2.17, -2.16, -2.16, -2.16, -2.15, -2.15, -2.14, -2.14, -2.13, -2.12, -2.11, -2.11, -2.10, -2.09, -2.08, -2.07, -2.06, -2.04, -2.03, -2.01, -2.00, -1.98, -1.97, -1.95, -1.93, -1.92, -1.90, -1.88, -1.86, -1.84, -1.82, -1.80, -1.77, -1.75, -1.72, -1.70, -1.67, -1.65, -1.62, -1.60, -1.57, -1.55, -1.52, -1.49, -1.46, -1.43, -1.40, -1.37, -1.34, -1.31, -1.28, -1.25, -1.22, -1.19, -1.15, -1.12, -1.08, -1.05, -1.01, -0.98, -0.94, -0.91, -0.87, -0.84, -0.80, -0.76, -0.73, -0.69, -0.66, -0.62, -0.59, -0.55, -0.51, -0.47, -0.43, -0.40, -0.36, -0.32, -0.28, -0.24, -0.20, -0.16, -0.12, -0.08, -0.04, 0.00, 0.04, 0.08, 0.12, 0.16, 0.20, 0.24, 0.28, 0.32, 0.36, 0.40, 0.43, 0.47, 0.51, 0.55, 0.59, 0.62, 0.66, 0.69, 0.73, 0.76, 0.80, 0.84, 0.87, 0.91, 0.94, 0.98, 1.01, 1.05, 1.08, 1.12, 1.15, 1.19, 1.22, 1.25, 1.28, 1.31, 1.34, 1.37, 1.40, 1.43, 1.46, 1.49, 1.52, 1.55, 1.57, 1.60, 1.62, 1.65, 1.67, 1.70, 1.72, 1.75, 1.77, 1.80, 1.82, 1.84, 1.86, 1.88, 1.90, 1.92, 1.93, 1.95, 1.97, 1.98, 2.00, 2.01, 2.03, 2.04, 2.06, 2.07, 2.08, 2.09, 2.10, 2.11, 2.11, 2.12, 2.13, 2.14, 2.14, 2.15, 2.15, 2.16, 2.16, 2.16, 2.17, 2.17, 2.17, 2.17, 2.17, 2.17, 2.16, 2.16, 2.15, 2.15, 2.15, 2.14, 2.13, 2.13, 2.12, 2.11, 2.10, 2.10, 2.09, 2.08, 2.07, 2.06, 2.05, 2.03, 2.02, 2.01, 1.99, 1.98, 1.97, 1.95, 1.94, 1.92, 1.90, 1.88, 1.86, 1.85, 1.82, 1.80, 1.78, 1.76, 1.74, 1.72, 1.69, 1.67, 1.64, 1.62, 1.59, 1.57, 1.54, 1.51, 1.49, 1.46, 1.43, 1.40, 1.37, 1.35, 1.32, 1.29, 1.26, 1.23, 1.20, 1.17, 1.14, 1.11, 1.08, 1.05, 1.02, 0.98, 0.95, 0.92, 0.88, 0.85, 0.82, 0.78, 0.75, 0.71, 0.68, 0.64, 0.61, 0.57, 0.54, 0.50, 0.46, 0.43, 0.39, 0.36, 0.32, 0.29, 0.25, 0.21, 0.18, 0.14, 0.11, 0.07, 0.04 ],
  "n": 0.9856463981895860,
  "l0": 278.350141049383,
  "la0": 71.42305555555560
}
